Tuman nomi;Bank nomi;Bank MFo;VASHlar soni;2024 yil davomida Soni;2024 yil davomida Summasi; 2024 ’ududdagi ulushi foizda;2024 Belgilangan toifa;2025 yil davomida Soni;2025 yil davomida Summasi;2025 ’ududdagi ulushi foizda;2025 Belgilangan toifa;2024 yilda Sotuv Soni;2024 yilda Sotuv Summa;2024 yilda xarid Soni;2024 yilda xarid Summa;2025 yilda Sotuv Soni;2025 yilda Sotuv Summa;2025 yilda xarid Soni;2025 yilda xarid Summa; Farqi xarid Soni;Farqi xarid Summa;Farqi Sotuv Soni;Farqi Sotuv Summa;"Daromadi 
(ming so'mda)";Belgilangan toifa; VASh Manzili;Avtovash Bank;Avtovash filiali;Avtovash tuman;Avtovash Soni;Avtovash Manzili
;Jami;0;259;1 492 770;961 601 003;;;1 594 177;1 125 977 034;100%;;786 106;528 290 004;713 290;433 317 624;849 321;614 635 409;751 482;511 348 251;76 574;90 551 145;50 861;80 752 784;67 803 238;;;;;;183;
ANGREN SHAHRI;;;18;131 133;87 394 059;9,09%;Samarador;154 303;112 001 222;10%;Samarador;56 561;41 023 907;74 572;46 370 152;67 524;52 037 140;86 779;59 964 083;10 963;11 013 233;12 207;13 593 931;5 803 925;Samarador;;Agrobank;Yangiyul filiali ;YANGIYO'L SHAHRI;1;Yangiyol shahar Samarkand kuchasi 154-uy
;Ipoteka bank;461;3;32 458;15 643 703;;;31 269;14 616 101;13%;;11 957;7 021 565;20 501;8 622 138;11 367;5 730 201;19 902;8 885 900;-590;-1 291 364;-599;263 762;1 001 164;Samarador; Angren shahri, A.Navoiy k., 1;Agrobank;Yangiyul filiali ;YANGIYO'L SHAHRI;1;Yangiyol shahar Farovon MFY. Anarqulov daxasi
;Anor bank;10418;1;2 185;2 223 906;;;8 694;11 931 856;11%;;1 131;790 615;1 054;1 433 291;4 079;5 768 950;4 615;6 162 906;2 948;4 978 335;3 561;4 729 615;;Samaradorligi past;Angren shahri, 6/4 daxasi, Amir Temur k.;Agrobank;Chinoz Filiali;CHINOZ TUMANI;1;Chinoz tumani ’amza MFY Yagona Darcha yonida
;Kapitalbank;11372;1;445;238 061;;;3 950;3 510 931;3%;;313;191 645;132;46 416;2 369;2 494 864;1 581;1 016 067;2 056;2 303 219;1 449;969 651;;Samaradorligi past; Angren shahri, Navoiy k., 17, 9 xonadon;Agrobank;Buka filiali ;BO'KA TUMANI;1;Bo'ka tumani M. O'zbekiston  ko'chasi 19 uy
;Milliy bank;11254;4;25 972;26 434 452;;;23 221;25 183 967;22%;;11 424;11 801 337;14 548;14 633 115;10 203;12 056 936;13 018;13 127 031;-1 221;255 599;-1 530;-1 506 085;1 430 054;O'rtacha; Angren shahri, Yoshlik MFY, Oxangaron k., 1;Agrobank;Oqqorg'on filiali ;OQQO'RG'ON TUMANI;1;Oqqo'rg'on tumani A.Qodiriy ko'chasi 1 a uy
;SQB;11199;4;27 894;18 144 375;;;30 527;20 699 534;18%;;12 580;9 139 248;15 314;9 005 127;14 479;10 151 826;16 048;10 547 708;1 899;1 012 579;734;1 542 581;1 313 994;Samarador; Angren shahri, 5/1a daxa, 3;Agrobank;Bekobod filiali ;BEKOBOD TUMANI;1;Bekobod tumani Zafar sh. Porloq kuchasi 15-uy (Bank binosi yonida)
;’alq banki;11581;1;7 508;3 101 371;;;6 092;2 284 195;2%;;2 902;1 423 452;4 606;1 677 919;2 445;1 204 582;3 647;1 079 613;-457;-218 870;-959;-598 306;126 449;Samaradorligi past; Angren shahri, Navoiy k., 7;Agrobank;Yangiyul filiali ;YANGIYO'L SHAHRI;1;Yangiyol shahar Navruz MFY. Bozor xududi Registon 1
;Hayot bank;;1;0;0;;;1 826;1 571 773;1%;;;;;;1 046;566 510;780;1 005 263;1 046;566 510;780;1 005 263;;Samaradorligi past;Angren shahari, Guzal MSG, A.Navoiy shoh koëchasi, 25-uy;Agrobank;Quyichirchiq filiali;QUYICHIRCHIQ TUMANI;1;Quyichirchiq tumani Navqiron MFY Bibixonim  ko'chasi 41  uy
;Hamkorbank;11446;3;34 671;21 608 191;;;48 724;32 202 865;29%;;16 254;10 656 045;18 417;10 952 146;21 536;14 063 271;27 188;18 139 594;5 282;3 407 226;8 771;7 187 448;1 932 264;Samarador; Angren shahri, Oxangaron k.;Agrobank;’ududiy filiali;NURAFSHON SHAHRI;1;Nurafshon shahar Yangiobod MFY 
BEKOBOD TUMANI;;;8;21 254;10 149 917;1,06%; Samaradorligi past;28 385;13 053 179;1%; Samaradorligi past;12 444;5 584 929;8 810;4 564 988;17 359;7 754 740;11 026;5 298 440;4 915;2 169 810;2 216;733 452;774 977; Samaradorligi past;;Agrobank;Toshkent shahar filiali;ZANGIOTA TUMANI;1; Zangiota tumani
;Agro bank;468;1;16 651;8 073 849;;;16 140;7 898 171;61%;;9 119;4 136 911;7 532;3 936 938;9 239;4 454 411;6 901;3 443 761;120;317 499;-631;-493 177;580 045;Samarador;Bekobod tumani, Istiklol MFY, Porlok k., 15;Aloqabank;Toshkent viloyati;TOSHKENT TUMANI;1;Toshkent tumani, Keles shaharchasi, ’uvaydo MFYda
;BRB;12213;1;0;0;;;2 401;1 648 136;13%;;;;;;1 462;1 043 969;939;604 166;1 462;1 043 969;939;604 166;11 627;O'rtacha;Bekobod tumani, Istiklol MFY, Mustakillik k., 22;Aloqabank;Toshkent viloyati;BEKOBOD SHAHRI;1;Bekobod shahri, 14-mikrorayon
;Turonbank;12228;1;0;0;;;336;404 831;3%;;;;;;240;325 780;96;79 051;240;325 780;96;79 051;36 944;Samaradorligi past;Bekobod tumani, Zafar sh., Usmon Nosir k., 10;Asaka bank;Nurafshon filiali;NURAFSHON SHAHRI;1;Nurafshon shahri, Toshkent yo'li ko'chasi 50 uy  
;Ipoteka bank ;;1;0;0;;;576;206 022;2%;;;;;;232;81 569;344;124 454;232;81 569;344;124 454;;Samaradorligi past;Bekobod tumani, Zafar shaharchasi, Gulistron MFY, Usmon Nosir ko'chasi, 68-uy;Asaka bank;Nurafshon filiali;NURAFSHON SHAHRI;1;Nurafshon shahri, Toshkent yo'li ko'chasi 50 uy  
;’alq banki;11489;4;4 603;2 076 068;;;8 932;2 896 019;22%;;3 325;1 448 018;1 278;628 050;6 186;1 849 011;2 746;1 047 008;2 861;400 993;1 468;418 958;146 361;Barqaror;Bekobod tumani, Mustakillik k., 6;Asaka bank;Nurafshon filiali;NURAFSHON SHAHRI;1;Nurafshon shahar Yangiobod MFY Yangiobod  ko'chasi 42-uy
BEKOBOD SHAHRI;;;18;94 164;68 294 721;7,10%;Barqaror;92 364;66 664 544;6%;Barqaror;40 834;39 729 401;53 330;28 565 320;41 025;39 141 581;51 339;27 522 964;191;-587 820;-1 991;-1 042 356;4 074 082;Barqaror;;Asaka bank;Nurafshon filiali;BO'KA TUMANI;1;Bo'ka tuman Yangi ’ayot ko'chasi 
;Ipoteka bank;489;3;33 453;14 658 855;;;30 393;12 482 566;19%;;11 134;6 785 313;22 319;7 873 542;9 702;5 151 208;20 691;7 331 358;-1 432;-1 634 105;-1 628;-542 184;1 086 798;Samarador;Bekobod shahri, Salomatlik k., 1;Asaka bank;Nurafshon filiali;OLMALIQ SHAHRI;1; Olmaliq shahri ’amza MFY Extirom chorraxasi 
;Kapitalbank;11302;1;5 469;3 492 657;;;4 446;1 972 183;3%;;2 757;2 026 009;2 712;1 466 648;1 975;987 443;2 471;984 739;-782;-1 038 566;-241;-481 908;;Samaradorligi past;Bekobod shahri, Buyuk Ipak Yuli k.;Asaka bank;Nurafshon filiali;O’ANGARON SHAHRI;1;Oxangaron shahar Markaziy bozor 
;Milliy bank;11256;5;21 789;24 635 490;;;22 829;27 414 395;41%;;11 078;17 081 292;10 711;7 554 198;11 658;18 721 917;11 171;8 692 479;580;1 640 625;460;1 138 281;1 628 742;Barqaror;Bekobod shahri, Bulok-Arik MFY, Shaxriobod k., 22;BRB;Yangiyo'l B’O;YANGIYO'L SHAHRI;1;Yangiyo'l shahar Markaziy dehqon bozoridagi 24/7 (44028)
;SQB;11203;5;16 283;15 529 371;;;16 355;15 082 390;23%;;8 567;8 719 298;7 716;6 810 073;8 613;9 017 808;7 742;6 064 581;46;298 511;26;-745 492;894 765;Barqaror; Bekobod shahri, Me'mor k., 264;BRB;Nurafshon B’O;NURAFSHON SHAHRI;1;Bank binosi ichida (45639)
;Aloqabank;10508;1;9 147;5 810 586;;;7 678;4 776 373;7%;;3 524;2 889 023;5 623;2 921 563;3 731;2 714 181;3 947;2 062 191;207;-174 841;-1 676;-859 372;242 118;O'rtacha;Bekobod shahri, Dustlik MFY, 14-daxa, Amir Temur kuchasi;BRB;Yangiyo'l B’O;YANGIYO'L SHAHRI;1;Yangiyol shahar Sh Rashidov 1 uy (45641)
;Davrbank;;1;141;96 616;;;1 870;1 284 013;2%;;109;53 350;32;43 266;1 089;666 092;781;617 921;980;612 742;749;574 655;;Samaradorligi past;Bekobod shahri, nurli MFY, Buyuk Ipak yo'li kko'chasi 2/56-uy;BRB;G'azalkent 2-toifali B’M;BO'STONLIQ TUMANI;1; Bo'stonliq tumani ’o'jakent MFY Chinorkent MChJ binosi ichida
;’alq banki;11634;2;7 882;4 071 147;;;8 793;3 652 625;5%;;3 665;2 175 117;4 217;1 896 030;4 257;1 882 931;4 536;1 769 694;592;-292 186;319;-126 336;221 660;O'rtacha;Bekobod shahri, Buyuk ipak yuli k., 1a;Garant bank;G'azalkent filiali;BO'STONLIQ TUMANI;1; Bo'stonliq tumani, Chimyon qishlog'i
BO'KA TUMANI;;;4;16 480;10 730 762;1,12%; Samaradorligi past;17 959;11 703 362;1%; Samaradorligi past;8 266;5 816 978;8 214;4 913 784;9 713;6 705 748;8 246;4 997 614;1 447;888 769;32;83 831;742 422; Samaradorligi past;;Garant bank;G'azalkent filiali;BO'STONLIQ TUMANI;1; Bo'stonliq tumani, Chimyon qishlog'i
;Agro bank;463;1;10 376;5 398 381;;;10 639;6 031 229;52%;;5 268;3 187 479;5 108;2 210 902;5 660;3 636 496;4 979;2 394 733;392;449 017;-129;183 831;378 387;Samarador;Bo'ka tumani, Buka shahri, Mustakillik k., 19;Garant bank;Qibray filiali;QIBRAY TUMANI;1; Qibray sh. Zebiniso ko'chasi 2 uy
;SQB;10792;1;4 644;3 889 163;;;6 130;4 793 591;41%;;2 442;2 038 195;2 202;1 850 968;3 386;2 454 475;2 744;2 339 116;944;416 280;542;488 149;305 320;O'rtacha; Bo'ka tumani, Buka shahri, Dustlik MFY, Markaziy k.;Garant bank;G'azalkent filiali;BO'STONLIQ TUMANI;1; Bo'stonliq tumani, Oqtosh sanatoriya
;’alq banki;11801;2;1 460;1 443 218;;;1 190;878 542;8%;;556;591 304;904;851 914;667;614 777;523;263 765;111;23 473;-381;-588 149;58 715;Samaradorligi past;Bo'ka tumani, Yangi xayot MFY, Markaziy k., 4;Garant bank;G'azalkent filiali;BO'STONLIQ TUMANI;1;Bo'stonliq tumani, Tibbiyot birlashmasi
BO'STONLIQ TUMANI;;;9;64 440;36 880 557;3,84%;O'rtacha;71 418;42 001 486;4%;O'rtacha;32 280;18 103 837;32 160;18 776 720;35 800;21 859 180;35 618;20 142 306;10 253;7 954 457;9 501;4 081 117;2 252 191;O'rtacha;;Garant bank;G'azalkent filiali;BO'STONLIQ TUMANI;1; Bo'stonliq tumani, Chimyon qishlog'i
;BRB;12129;2;12 776;6 914 645;;;10 899;7 261 983;17%;;6 733;4 199 114;6 043;2 715 531;6 549;4 435 683;4 350;2 826 300;6 549;4 435 683;4 350;2 826 300;5 452;Barqaror;Bo'stonliq  tumani, Gazalkent sh, Markaziy MFY, A. Temur k.;Garant bank;Zangiota filiali;ZANGIOTA TUMANI;1; Zangiota tum. Mustakillik 4 uy
;Garant bank;12090;2;27 831;14 687 005;;;30 587;16 479 587;39%;;14 430;7 092 923;13 401;7 594 082;16 535;8 815 755;14 052;7 663 832;2 105;1 722 832;651;69 750;1 266 979;Samarador;Bo'stonliq tumani, Gazalkent shahri, Lutfiy k., 4;Garant bank;G'azalkent filiali;BO'STONLIQ TUMANI;1;Bo'stonliq tumani, Birlik ko'chasi
;MKB;11413;1;5 498;3 202 690;;;6 497;4 518 054;11%;;2 877;1 497 481;2 621;1 705 208;3 071;2 339 450;3 426;2 178 603;194;841 969;805;473 395;265 600;O'rtacha; Bo'stonliq tumani, Ma'rifat MFY., Bo'stonliq k., 5;Garant bank;G'azalkent filiali;BO'STONLIQ TUMANI;1; Bo'stonliq tumani, Chimyon qishlog'i
;Milliy bank;11183;2;11 006;8 484 793;;;13 797;8 266 547;20%;;4 412;3 354 493;6 594;5 130 300;5 573;3 651 612;8 224;4 614 935;1 161;297 120;1 630;-515 365;590 680;Barqaror; Bo'stonliq  tumani, Gazalkent sh,Markaziy MFY,Oltinsarin k,12;Garant bank;G'azalkent filiali;BO'STONLIQ TUMANI;1; Bo'stonliq tumani, Chimyon qishlog'i
;Davrbank ;;1;1 363;881 361;;;5 198;3 422 870;8%;;879;410 120;484;471 241;2 022;1 424 437;3 176;1 998 433;1 143;1 014 318;2 692;1 527 192;;O'rtacha;Bo'stonliq tumani, G'azalkent sh. Turkiston k. 193-uy;Garant bank;G'azalkent filiali;BO'STONLIQ TUMANI;1; Bo'stonliq tumani, ’umson
;’alq banki;11385;1;5 966;2 710 064;;;4 440;2 052 445;5%;;2 949;1 549 706;3 017;1 160 358;2 050;1 192 242;2 390;860 202;-899;-357 464;-627;-300 156;123 480;Samaradorligi past;Bo'stonliq tumani, Gazalkent shahri, Oltinsarin k., 7;Garant bank;G'azalkent filiali;BO'STONLIQ TUMANI;1; Bo'stonliq tumani, soyliq qishlog'i
ZANGIOTA TUMANI;;;21;124 556;103 487 695;10,76%;Samarador;126 668;128 698 428;11%;Samarador;72 582;62 848 196;58 600;40 646 125;68 705;68 979 542;64 589;59 725 512;2 749;6 137 972;12 615;19 086 013;5 707 914;Samarador;;Infin bank;Zagiota filiali;ZANGIOTA TUMANI;1;Zangiota tumani Eshonguzar, Mustakillik kuchasi
;Garant bank;12091;2;13 750;6 839 849;;;16 501;10 758 514;8%;;6 998;2 660 784;6 752;4 179 065;7 637;2 842 854;8 864;7 915 660;639;182 070;2 112;3 736 595;636 567;Barqaror;Zangiota tumani, Eshonguzar kurgoni, Mustakillik k., 4;Infin bank;Zagiota filiali;ZANGIOTA TUMANI;1;Zangiota tumani, Bek baraka bozori. 
;Infin bank;1080;2;23 532;16 323 319;;;17 345;13 391 027;10%;;15 861;9 740 068;7 671;6 583 252;10 680;7 963 720;6 665;5 427 307;-5 181;-1 776 347;-1 006;-1 155 945;970 427;Barqaror;Zangiota tumani, Eshonguzar kurgoni, Mustakillik k.;Infin bank;Toshkent viloyat filiali;CHIRCHIQ SHAHRI;1;Chirchik sh, A.Navoi kuchasi 181A 
;Ipoteka bank;1130;3;31 469;17 079 639;;;33 563;18 474 091;14%;;14 857;9 036 800;16 612;8 042 839;15 684;7 775 523;17 879;10 698 568;827;-1 261 277;1 267;2 655 729;1 540 198;Samarador;" Zangiota tumani, Zangiota k.f.y., ""Urta"" m.f.y., A.Temur k., 178";Infin bank;Toshkent viloyat filiali;CHIRCHIQ SHAHRI;1;Chirchik sh, Yumalok, Voxid Kadirov kuchasi, 207
;Turonbank;1019;4;14 817;17 391 714;;;16 199;20 210 913;16%;;7 948;9 175 543;6 869;8 216 171;7 410;9 274 521;8 789;10 936 392;-538;98 978;1 920;2 720 221;355 200;Barqaror;Zangiota tumani, Eshonguzar kurg., Mustakillik k.;Infin bank;Toshkent viloyat filiali;QIBRAY TUMANI;1; Qibray tumani, Zebinuso kuchasi 7A  
;Milliy bank;12242;1;0;0;;;250;358 896;0%;;;;;;138;281 823;112;77 073;138;281 823;112;77 073;;Samaradorligi past;Zangiota tumani, Bogzor MFY, Bogzor k., 1A;Ipak yo'li bank;Yangiyo'l filiali;YANGIYO'L TUMANI;1;Yangiyo'l tumani, Samarqand ko'chasi, 146 uy
;’alq banki;11579;2;7 458;799 032;;;7 242;466 059;0%;;6 834;80 487;7 250;725 171;6 869;83 274;6 999;389 411;6 661;9 413;6 375;-329 134;230 178;O'rtacha;Zangiota tumani, Eshonguzar mavzesi, Mustakillik k., 22;Ipak yo'li bank;Yangiyo'l filiali;YANGIYO'L TUMANI;1;Yangiyo'l tumani, Farxod fayli mahallasi, Beruniy 30 A/1 uy
;Trast bank ;;1;5 092;20 611 105;;;6 612;26 349 229;20%;;4 143;19 164 631;949;1 446 474;5 050;20 925 056;1 562;5 424 173;907;1 760 425;613;3 977 699;;O'rtacha;Zangiota tumani, Erkin, Arkbo'loq savdo komp ;Ipak yo'li bank;Yangiyo'l filiali;YANGIYO'L TUMANI;1;Yangiyo'l tumani, Samarqand ko'chasi, 146 uy
;OFB;;4;9 659;5 843 040;;;6 210;4 780 691;4%;;4 972;2 262 920;4 687;3 580 120;3 042;2 263 236;3 168;2 517 455;-1 930;316;-1 519;-1 062 665;;O'rtacha; Zangiota tumani, Eshonguzar QFY, Mustaqillik koëchasi, 17A-uy;Ipak yo'li bank;Yangiyo'l filiali;YANGIYO'L TUMANI;1;Yangiyo'l tumani, Dexqon bozori
;Aziya Alians Bank;;0;1 137;5 166 813;;;380;1 362 172;1%;;1 133;5 166 513;4;300;379;1 362 072;1;100;-754;-3 804 441;-3;-200;;Samaradorligi past;Zangiota tumani, Erkin q/h, Tariq teshar MFY, Yog'du ko'chasi, 101-uy ;Ipak yo'li bank;Yangiyo'l filiali;YANGIYO'L TUMANI;1;Yangiyo'l tumani, Dexqon bozori
;Universal bank;11853;2;17 642;13 433 183;;;22 366;32 546 835;25%;;9 836;5 560 449;7 806;7 872 734;11 816;16 207 462;10 550;16 339 374;1 980;10 647 013;2 744;8 466 640;1 975 344;Barqaror;Zangiota tumani, Eshonguzar MFY, Mustakillik k., 24;Ipak yo'li bank;Yangiyo'l filiali;YANGIYO'L TUMANI;1;Yangiyo'l tumani, Samarqand ko'chasi, 146 uy
QIBRAY TUMANI;;;12;106 689;62 459 086;6,50%;Barqaror;114 548;74 017 417;7%;Barqaror;59 711;36 271 518;46 978;26 187 568;65 579;44 336 782;48 969;29 680 636;5 868;8 065 264;1 991;3 493 067;3 755 869;Barqaror;;Ipak yo'li bank;Yangiyo'l filiali;YANGIYO'L SHAHRI;1;Yangiyo'l shahri, Samarqand ko'chasi, 1-poliklinika qarshisida avto bekat
;Infin bank;1056;2;35 929;23 914 788;;;33 586;21 905 308;30%;;22 200;15 898 787;13 729;8 016 002;21 520;15 337 540;12 066;6 567 768;-680;-561 247;-1 663;-1 448 234;1 856 947;Samarador;Qibray tumani, Qibray shahri, Zebuniso k., 7-a;Ipak yo'li bank;Yangiyo'l filiali;YANGIYO'L SHAHRI;1;Yangiyo'l shahri, Samarqand ko'chasi, 1-poliklinika qarshisida avto bekat
;Garant bank;12097;2;18 290;8 803 848;;;20 121;11 030 104;15%;;9 101;4 819 132;9 189;3 984 716;9 726;4 910 355;10 395;6 119 748;625;91 223;1 206;2 135 032;;Barqaror;Qibray tumani, Zebiniso MFY, Zebiniso k., 2;Ipak yo'li bank;Yangiyo'l filiali;YANGIYO'L TUMANI;1;Yangiyo'l tumani, Samarqand ko'chasi, 146 uy
;SQB;11202;5;41 101;22 790 918;;;40 959;26 728 076;36%;;21 318;10 977 885;19 783;11 813 033;21 258;12 835 536;19 701;13 892 540;-60;1 857 651;-82;2 079 507;1 571 249;Samarador; Qibray tumani, Zebiniso k., 7;Ipak yo'li bank;Yangiyo'l filiali;YANGIYO'L TUMANI;1;Yangiyo'l tumani, Samarqand ko'chasi, 146 uy
;Asaka bank ;;1;519;2 183 321;;;2 002;8 072 422;11%;;519;2 183 321;;0;2 002;8 072 422;0;0;1 483;5 889 101;0;0;0;Samaradorligi past;Qibray tumani, A.Navoiy koëchasi 82-uy;Ipak yo'li bank;Yangiyo'l filiali;ZANGIOTA TUMANI;1;Zangiota tumani, Erkin MFY, Tarik teshar ko'chasi, 45 uy
;’alq banki;11490;2;10 850;4 766 210;;;17 880;6 281 508;8%;;6 573;2 392 393;4 277;2 373 817;11 073;3 180 929;6 807;3 100 579;4 500;788 536;2 530;726 762;327 673;Barqaror;Qibray tumani, Qibray kurgoni, Zebuniso k., 5;Ipak yo'li bank;Yangiyo'l filiali;YANGIYO'L TUMANI;1;Yangiyo'l tumani, Dexqon bozori
QUYICHIRCHIQ TUMANI;;;3;31 805;12 645 050;1,31%; Samaradorligi past;29 698;10 792 406;1%; Samaradorligi past;19 574;7 541 311;12 231;5 103 739;18 578;5 901 299;11 120;4 891 107;-996;-1 640 012;-1 111;-212 633;3 114 546; Samaradorligi past;;Ipak yo'li bank;Yangiyo'l filiali;YANGIYO'L TUMANI;1;Yangiyo'l tumani, Dexqon bozori
;Agro bank;474;1;14 288;5 343 739;;;10 529;4 634 679;43%;;9 643;3 534 543;4 645;1 809 196;7 798;3 193 396;2 731;1 441 284;-1 845;-341 147;-1 914;-367 913;1 358 358;O'rtacha;Quyichirchiq tumani, Mashrab MFY, Archazor k., 154;Ipak yo'li bank;Yangiyo'l filiali;YANGIYO'L TUMANI;1;Yangiyo'l tumani, ’alkobod MFY Registon ko'chasi 5
;Ipoteka bank;1170;1;2 795;1 862 190;;;2 589;1 736 005;16%;;1 076;723 025;1 719;1 139 165;744;366 098;1 845;1 369 907;-332;-356 927;126;230 742;1 495 510;Samaradorligi past;Quyichirchiq tumani, Dustobod shaxarchasi, Oqqo'rg'on k., 1;Ipak yo'li bank;Yangiyo'l filiali;YANGIYO'L TUMANI;1;Yangiyo'l tumani, ’alkobod MFY Registon ko'chasi 5
;’alq banki;10116;1;14 722;5 439 120;;;16 580;4 421 721;41%;;8 855;3 283 743;5 867;2 155 378;10 036;2 341 805;6 544;2 079 916;1 181;-941 937;677;-75 461;260 678;Samarador;Quyichirchiq tumani, Tinchlik MFY, Paxtazor k., 8;Ipak yo'li bank;Yangiyo'l filiali;YANGIYO'L TUMANI;1;Yangiyo'l tumani,Yangiyo'l shaxri,Olimboy Kuchkarov ko'chasi
NURAFSHON SHAHRI;;;29;137 634;96 688 522;10,05%;Samarador;151 464;115 470 202;10%;Samarador;84 188;61 618 309;53 446;35 070 214;95 363;71 907 247;56 101;43 562 956;11 175;10 288 938;2 655;8 492 742;7 040 026;Samarador;;Ipak yo'li bank;Yangiyo'l filiali;YANGIYO'L TUMANI;1;Yangiyo'l tumani,Yangiyo'l shaxri,Olimboy Kuchkarov ko'chasi
;Agro bank;475;1;14 537;8 752 231;;;11 184;6 944 001;6%;;9 459;5 742 072;5 078;3 010 159;7 530;4 318 813;3 654;2 625 188;-1 929;-1 423 259;-1 424;-384 971;1 600 208;Barqaror;Nurafshon shahri, Navruz maxallasi, Toshkent yuli k., 161;Ipak yo'li bank;Yangiyo'l filiali;YANGIYO'L TUMANI;1;Yangiyo'l tumani,Yangiyo'l shaxri,Olimboy Kuchkarov ko'chasi
;BRB;10818;6;18 031;10 515 108;;;18 017;11 635 468;10%;;10 905;6 776 819;7 126;3 738 289;10 651;6 500 176;7 366;5 135 292;-254;-276 643;240;1 397 002;44 555;Barqaror; Nurafshon shahri, Mukumiy MFY, Toshkent yuli k., 143/150;Ipak yo'li bank;Yangiyo'l filiali;ZANGIOTA TUMANI;1;Zangiota tumani,Amir Temur ko'chasi 48 uy
;Asaka bank;12008;2;9 150;7 744 733;;;10 505;15 189 187;13%;;5 150;4 378 810;4 000;3 365 923;7 451;12 576 937;3 054;2 612 250;2 301;8 198 128;-946;-753 673;702 042;O'rtacha;Nurafshon shahri, Obod MFY, Toshkent yuli k., 50;Ipak yo'li bank;Yangiyo'l filiali;YANGIYO'L TUMANI;1;Yangiyo'l tumani,Yangiyo'l shaxri 
;Kapitalbank;11303;1;348;205 566;;;1 085;537 178;0%;;340;201 375;8;4 191;766;351 726;319;185 452;426;150 352;311;181 261;;Samaradorligi past;Nurafshon shahri, Obod MFY, Toshkent yuli k., 38;Ipak yo'li bank;Yangiyo'l filiali;YANGIYO'L TUMANI;1;Yangiyo'l tumani,Yangiyo'l shaxri 
;MKB;11786;2;5 699;5 690 969;;;12 668;8 456 216;7%;;3 723;4 694 734;1 976;996 235;8 107;5 394 544;4 561;3 061 672;4 384;699 810;2 585;2 065 438;370 000;O'rtacha;Nurafshon shahri, Kumarik MFY, Toshkent yuli k., 123;Ipak yo'li bank;Yangiyo'l filiali;YANGIYO'L TUMANI;1;Yangiyo'l tumani,Yangiyo'l shaxri,Farovon MFY Anarkulov ko'chasi 20
;Milliy bank;11253;4;28 522;23 088 194;;;33 342;30 977 722;27%;;18 057;14 384 080;10 465;8 704 114;21 976;18 448 150;11 366;12 529 572;3 919;4 064 070;901;3 825 458;2 215 572;Samarador;Nurafshon shahri, Obod MFY, Toshkent yuli k., 10;Ipak yo'li bank;Yangiyo'l filiali;YANGIYO'L TUMANI;1;Yangiyo'l tumani,Yangiyo'l shaxri,Farovon MFY Anarkulov ko'chasi 20
;Turonbank;12062;1;257;85 127;;;1 422;406 569;0%;;161;52 651;96;32 476;818;232 249;604;174 320;657;179 598;508;141 844;19 053;Samaradorligi past;Nurafshon shahri, Bobir MFY, Toshkent yuli k., 70;Ipak yo'li bank;Yangiyo'l filiali;YANGIYO'L TUMANI;1;Yangiyo'l tumani,Yangiyo'l shaxri, Uzbekiston MFY Shifokor kuchasi
;SQB;11198;6;13 705;11 806 073;;;10 824;10 630 521;9%;;8 878;7 459 741;4 827;4 346 331;6 998;6 064 495;3 826;4 566 026;-1 880;-1 395 246;-1 001;219 695;674 279;O'rtacha;Nurafshon shahri, Toshkent yuli k., 40;Ipak yo'li bank;Yangiyo'l filiali;YANGIYO'L TUMANI;1;Yangiyo'l tumani,Yangiyo'l shaxri, Uzbekiston MFY Shifokor kuchasi
;Aloqabank;10729;1;11 243;5 016 742;;;12 159;6 039 242;5%;;6 365;2 955 343;4 878;2 061 399;6 956;3 590 272;5 203;2 448 970;591;634 930;325;387 571;343 916;O'rtacha;Nurafshon shahri, Ma'rifat MFY, Bobur k., 1.;Ipak yo'li bank;Yangiyo'l filiali;YANGIYO'L TUMANI;1;Yangiyo'l tumani,Yangiyo'l shaxri ,Beruniy kuchasi
;’alq banki;11799;2;9 704;5 087 650;;;11 146;4 810 756;4%;;5 271;2 670 931;4 433;2 416 719;5 690;1 946 693;5 456;2 864 063;419;-724 238;1 023;447 344;243 238;Barqaror; Nurafshon shahri, Mukumiy MFY, Toshkent yuli k., 176;Ipak yo'li bank;Yangiyo'l filiali;YANGIYO'L TUMANI;1;Yangiyo'l tumani,Yangiyo'l shaxri ,Beruniy kuchasi
;Ipoteka bank ;;1;10 676;8 710 811;;;10 294;6 668 131;6%;;6 337;6 587 857;4 339;2 122 954;6 024;4 609 687;4 270;2 058 444;-313;-1 978 170;-69;-64 510;;O'rtacha;Nurafshon shahri, Toshkent yoëli  koëchasi, 48-uy;Ipak yo'li bank;Yangiyo'l filiali;YANGIYO'L SHAHRI;1;Yangiyul shahar Beruniy kuchasi
;Apeks bank ;;1;0;0;;;820;309 055;0%;;;;;;539;163 520;281;145 535;539;163 520;281;145 535;;Samaradorligi past;Nurafshon shahri, Toshkent yoëli  koëchasi, 58-uy;Ipak yo'li bank;Yangiyo'l filiali;YANGIYO'L SHAHRI;1;Yangiyul shahar Beruniy kuchasi
;Hamkorbank;11448;1;15 762;9 985 319;;;17 998;12 866 155;11%;;9 542;5 713 896;6 220;4 271 424;11 857;7 709 984;6 141;5 156 172;2 315;1 996 088;-79;884 748;827 164;Barqaror;Nurafshon shahri, Toshkent yuli k., 32;Ipak yo'li bank;Yangiyo'l filiali;ZANGIOTA TUMANI;1;Zangiota tuman, A.Temur ko'chasi 
OQQO'RG'ON TUMANI;;;6;32 553;14 224 941;1,48%; Samaradorligi past;25 784;12 621 574;1%; Samaradorligi past;16 707;7 438 736;15 846;6 786 205;15 204;7 889 855;10 580;4 731 719;-1 503;451 119;-5 266;-2 054 487;2 980 932; Samaradorligi past;;Ipak yo'li bank;Yangiyo'l filiali;ZANGIOTA TUMANI;1;Zangiota tuman, A.Temur ko'chasi 
;Agro bank;457;3;19 581;7 653 878;;;13 546;5 996 044;48%;;10 526;4 044 812;9 055;3 609 067;8 371;3 588 814;5 175;2 407 230;-2 155;-455 997;-3 880;-1 201 837;2 597 849;Barqaror; Oqqo'rg'on tumani, Oqqo'rg'on shahri, A.Kodiriy k., 1;Ipak yo'li bank;Yangiyo'l filiali;YANGIYO'L SHAHRI;1;Yangiyo'l shahar, Samarkand ko'chasi 361/1 uy
;MKB;11388;1;5 736;3 056 323;;;5 182;3 729 527;30%;;2 238;1 531 977;3 498;1 524 347;2 254;2 546 411;2 928;1 183 116;16;1 014 434;-570;-341 231;216 100;Samaradorligi past;Oqqo'rg'on tumani, Alisher Navoiy k., 1;Ipak yo'li bank;Yangiyo'l filiali;YANGIYO'L SHAHRI;1;Yangiyo'l shahar, Samarkand ko'chasi 361/1 uy
;’alq banki;11412;2;7 236;3 514 739;;;7 056;2 896 003;23%;;3 943;1 861 948;3 293;1 652 792;4 579;1 754 630;2 477;1 141 373;636;-107 317;-816;-511 419;166 984;O'rtacha;Oqqo'rg'on shahri, Birlik MFY, Oxunboboev k., 1;Ipak yo'li bank;Yangiyo'l filiali;YANGIYO'L TUMANI;1;Yangiyo'l  tumani, Qo'shyog'och MFY, Amir Temur ko'chasi 
OLMALIQ SHAHRI;;;32;134 991;101 713 625;10,58%;Samarador;143 405;126 381 197;11%;Samarador;54 383;44 485 567;80 608;57 228 058;59 484;61 128 562;83 921;65 252 634;5 101;16 642 996;3 313;8 024 576;8 831 222;Samarador;;Ipak yo'li bank;Yangiyo'l filiali;YANGIYO'L TUMANI;1;Yangiyo'l  tumani, Qo'shyog'och MFY, Amir Temur ko'chasi 
;Kapitalbank;11462;1;538;376 135;;;3 740;3 095 590;2%;;321;200 260;217;175 875;2 358;2 064 534;1 382;1 031 056;2 037;1 864 274;1 165;855 181;;Samaradorligi past;Olmaliq shahri, Abu Ali Ibn Sino MFY, Extirom k., 43-41;Ipak yo'li bank;Yangiyo'l filiali;YANGIYO'L TUMANI;1;Yangiyo'l tumani, Samarqand ko'chasi, 169 uy
;Ipoteka bank;459;4;64 283;38 905 589;;;50 192;28 553 483;23%;;22 586;16 901 575;41 697;22 004 014;17 391;10 995 026;32 801;17 558 457;-5 195;-5 906 549;-8 896;-4 445 557;2 766 819;Samarador;Olmaliq shahri, Faxriylar k., 27;Ipak yo'li bank;Yangiyo'l filiali;YANGIYO'L TUMANI;1;Yangiyo'l tumani, Samarqand ko'chasi, 169 uy
;MKB;11247;1;1 307;935 729;;;2 641;2 247 604;2%;;595;341 754;712;593 975;1 396;1 378 746;1 245;868 858;801;1 036 992;533;274 883;95 600;Samaradorligi past;Olmaliq shahri, Amir Temur k., 15;Ipak yo'li bank;Yangiyo'l filiali;YANGIYO'L TUMANI;1;Yangiyul tumani, Niyozboshi MFY
;Milliy bank;12174;3;0;0;;;5 609;8 061 115;6%;;0;0;0;0;2 245;3 755 499;3 364;4 305 616;2 245;3 755 499;3 364;4 305 616;502 963;Samaradorligi past;Olmaliq shahri, Toshkent MFY, Extirom k., 8;Ipak yo'li bank;Yangiyo'l filiali;YANGIYO'L TUMANI;1;Yangiyul tumani, Niyozboshi MFY
;Milliy bank;12190;6;0;0;;;11 468;13 053 224;10%;;0;0;0;0;5 354;6 326 895;6 114;6 726 329;5 354;6 326 895;6 114;6 726 329;800 918;O'rtacha;Olmaliq shahri, Oltin MFY, Sharof Rashidov k., 38;Ipak yo'li bank;Yangiyo'l filiali;YANGIYO'L TUMANI;1;Yangiyul tumani, Tuyabugiz MFY, Do'stlik ko'chasi 1a
;Milliy bank;11142;3;7 785;10 288 069;;;12 801;13 708 341;11%;;2 890;3 739 441;4 895;6 548 628;4 602;5 369 501;8 199;8 338 840;1 712;1 630 060;3 304;1 790 212;803 571;O'rtacha;Olmaliq shahri, A.Temur k., 31;Ipak yo'li bank;Yangiyo'l filiali;YANGIYO'L TUMANI;1;Yangiyul tumani, Tuyabugiz MFY, Do'stlik ko'chasi 1a
;SQB;11200;5;32 569;25 848 616;;;29 260;24 843 762;20%;;13 711;11 568 219;18 858;14 280 398;12 370;12 611 154;16 890;12 232 609;-1 341;1 042 935;-1 968;-2 047 789;1 461 964;Barqaror; Olmaliq shahri, Amir Temur k., 28;MKB;G'azalkent B’O;BO'STONLIQ TUMANI;1;G'azalkent shaxri Bo'stonlik  ko'chasi 5-uy (Bank xududi)
;’alq banki;11582;2;6 929;3 309 481;;;7 601;3 358 097;3%;;3 404;1 575 497;3 525;1 733 984;3 357;1 852 539;4 244;1 505 558;-47;277 043;719;-228 426;188 180;Samaradorligi past;Olmaliq shahri, A.Temur k., 30;MKB;Keles B’O;TOSHKENT TUMANI;1;Toshkent tuman,  Keles shaxri,  Ravnaq ko'chasi 
;Asaka bank ;;1;0;0;;;327;1 436 635;1%;;;;;;327;1 436 635;0;0;327;1 436 635;0;0;0;Samaradorligi past; Olmaliq shahri, Hilol mfy ’onobod ko'chasi 2-a uy;MKB;Oqqo'rg'on B’O;OQQO'RG'ON TUMANI;1; Oqqo'rg'on tumani,  Furqat ko'chasi,  Oqqo'rg'on dexqon bozori
;Trast bank;;1;0;0;;;576;382 788;0%;;;;;;359;267 394;217;115 394;359;267 394;217;115 394;;Samaradorligi past; Olmaliq shahri, Ehtirom koëchasi, 11/3-uy;MKB;Piskent B’M;BO'KA TUMANI;1;Bo'ka tumani,  Abdulla Kodiriy 4 uy   
;OFB ;;4;6 786;4 235 574;;;0;0;0%;;2 762;1 605 184;4 024;2 630 390;0;0;0;0;-2 762;-1 605 184;-4 024;-2 630 390;;Samaradorligi past;Olmaliq shahri, A.Temur ko'chasi 31A-uy;MKB;Nurafshon B’O;NURAFSHON SHAHRI;1;Nurafshon shahar, Qumari MFY, 
;Hamkorbank;11445;1;14 794;17 814 432;;;19 190;27 640 557;22%;;8 114;8 553 637;6 680;9 260 795;9 725;15 070 638;9 465;12 569 919;1 611;6 517 001;2 785;3 309 123;2 211 207;Barqaror;Olmaliq shahri, Mustakillik k., 10;MKB;Oqqo'rg'on B’O;OQQO'RG'ON TUMANI;1; Oqqo'rg'on tumani,  Axunboboev ko'chasi,  1-uy
O’ANGARON TUMANI;;;5;45 877;26 137 117;2,72%; Samaradorligi past;42 084;22 534 192;2%; Samaradorligi past;24 636;13 998 999;21 241;12 138 117;22 646;12 551 515;19 438;9 982 678;-1 990;-1 447 485;-1 803;-2 155 439;2 500 623; Samaradorligi past;;MKB;G'azalkent B’O;BO'STONLIQ TUMANI;1;G'azalkent shaxri Bo'stonlik Dexkon bozori xududiy
;Agro bank;413;1;8 089;3 855 273;;;8 561;3 844 727;17%;;4 519;2 606 525;3 570;1 248 748;4 483;2 050 461;4 078;1 794 266;-36;-556 065;508;545 518;1 020 923;O'rtacha;Oxangaron tumani, Nurobod MFY, Nurobod k., 402;MKB;Keles B’O;TOSHKENT TUMANI;1; Toshkent tumani Keles yo'li ko'chasi 3 uy
;Ipoteka bank;487;2;29 471;16 820 545;;;24 327;12 816 982;57%;;14 941;8 405 022;14 530;8 415 524;12 687;7 145 707;11 640;5 671 275;-2 254;-1 259 315;-2 890;-2 744 249;1 422 000;Samarador;Oxangaron tumani, Oxangaron shahri, Oxunboboev k., 1;MKB;Piskent B’M;PSKENT TUMANI;1;Piskent tumani,  Mustaqillik ko'chasi,  2 uy
;MKB;11978;1;751;275 520;;;1 823;709 738;3%;;500;193 569;251;81 951;1 158;494 118;665;215 620;658;300 549;414;133 669;42 900;Samaradorligi past; Oxangaron tumani, Nurobod MFY, 141;MKB;Parkent B’M;PARKENT TUMANI;1;Parkent shaxri A.Navoiy ko'chasi 105-uy
;Turonbank;10715;1;7 566;5 185 778;;;7 373;5 162 746;23%;;4 676;2 793 883;2 890;2 391 895;4 318;2 861 229;3 055;2 301 517;-358;67 346;165;-90 378;14 800;O'rtacha;Oxangaron tumani, Guliston MFY, Amir Temur k., 9;MKB;Parkent B’M;YUQORICHIRCHIQ TUMANI;1; Yuqorichirchiq tumani, Mustaqillik ko'chasi 46
O’ANGARON SHAHRI;;;12;33 736;21 186 857;2,20%; Samaradorligi past;48 646;30 504 357;3%;O'rtacha;19 796;12 908 288;13 940;8 278 569;27 808;15 170 494;20 838;15 333 863;8 012;2 262 206;6 898;7 055 294;203 355;O'rtacha;;Milliy bank;Yangiyul B’M;CHINOZ TUMANI;1;Chinoz tumani, Yallama qishlog'i
;BRB;10819;4;17 795;10 284 505;;;15 599;12 009 625;39%;;9 928;5 720 100;7 867;4 564 405;8 594;6 075 272;7 005;5 934 352;-1 334;355 172;-862;1 369 947;50 726;Barqaror;Oxangaron shahri, Navbaxor MFY, A.Temur k., 15;Milliy bank;Zarxal B’O;OLMALIQ SHAHRI;1;Olmaliq shahar, Olmaliq kon-metallurgiya kombinati
;Hamkorbank ;;1;5 305;6 127 397;;;8 189;10 614 147;35%;;3 942;4 511 106;1 363;1 616 291;5 662;5 283 784;2 527;5 330 363;1 720;772 678;1 164;3 714 072;0;O'rtacha;Oxangaron shahri, Boëston MFY, A.Temur koëchasi 25-uy;Milliy bank;Zarxal B’O;OLMALIQ SHAHRI;1;Olmaliq shahar, Olmaliq kon-metallurgiya kombinati
;Trast bank ;;2;3 008;1 862 789;;;4 832;3 057 584;10%;;1 924;1 210 110;1 084;652 679;2 940;1 715 168;1 892;1 342 416;1 016;505 057;808;689 737;;O'rtacha;Oxangaron tumani, Namuna MFY, ìOxangaronî savdo kompleksining 1-qavatida;Milliy bank;Chirchiq B’O;CHIRCHIQ SHAHRI;1;Chirchiq shahar, Istibol MFY, A.Navoiy 101
;Hayot bank ;;1;0;0;;;3 177;1 980 033;6%;;;;;;1 955;862 162;1 222;1 117 872;1 955;862 162;1 222;1 117 872;;O'rtacha;Oxangaron shahri, A.Temur koëchasi, 7/1-uy;Milliy bank;Chirchiq B’O;CHIRCHIQ SHAHRI;1;Chirchiq shahar A.Temur MFY A.Temur ko'chasi
;Trast bank;;1;115;35 549;;;0;0;0%;;68;25 599;47;9 950;;;;;-68;-25 599;-47;-9 950;;;Oxangaron tumani, Namuna MFY, ìOxangaronî savdo kompleksining 1-qavatida;Milliy bank;Chirchiq B’O;CHIRCHIQ SHAHRI;1;Chirchiq shahar Turon MFY, 23-xarbiy shaharcha
;Kapitalbank ;;1;157;58 666;;;22;8 730;0%;;124;42 818;33;15 848;22;8 730;0;0;-102;-34 088;-33;-15 848;;Samaradorligi past;Oxangaron shahri, Amir Temur k. 21-uy;Milliy bank;Nurafshon  B’M;NURAFSHON SHAHRI;1;Nurashon shahar Obod MFY Toshkent yuli kuchasi 10-uy
;’alq banki;11633;2;7 356;2 817 950;;;16 827;2 834 238;9%;;3 810;1 398 555;3 546;1 419 396;8 635;1 225 379;8 192;1 608 860;4 825;-173 176;4 646;189 464;152 629;Samarador;Oxangaron shahri, Oxunboboev k., 9;Milliy bank;Olmaliq B’O;OLMALIQ SHAHRI;1;Olmaliq sh. A.Temur kuchasi 31 uy
PARKENT TUMANI;;;6;46 759;20 759 175;2,16%; Samaradorligi past;48 423;23 558 572;2%; Samaradorligi past;27 148;10 660 407;19 611;10 098 768;31 514;13 839 802;16 909;9 718 770;4 366;3 179 395;-2 702;-379 998;952 272; Samaradorligi past;;Milliy bank;Yangiyul B’M;YANGIYO'L SHAHRI;1;Yangiyul shahar Samarkand kuchasi 178 uy
;Agro bank;482;1;20 651;9 782 758;;;20 057;10 309 046;44%;;12 253;5 137 408;8 398;4 645 350;13 270;5 805 648;6 787;4 503 398;1 017;668 239;-1 611;-141 952;133 441;Samarador;Parkent tumani, Bulokboshi MFY, Soy soxili k., 66;Milliy bank;Bekobod B’M;BEKOBOD SHAHRI;1;Bekobod shahar Shaxriobod 22
;MKB;11785;2;16 718;6 218 149;;;20 525;9 071 737;39%;;9 485;3 219 735;7 233;2 998 414;12 898;5 243 839;7 627;3 827 898;3 413;2 024 104;394;829 484;583 000;Samarador;Parkent tumani, Oybek MFY, A.Navoiy shox k.;Milliy bank;Angren B’M;ANGREN SHAHRI;1;Angren shahar, Giolog MFY Giolog ko'chasi
;Trast bank ;;1;0;0;;;1 068;466 931;2%;;;;;;944;394 381;124;72 550;944;394 381;124;72 550;;Samaradorligi past; Parkent tumani, ìObjuvozî MFY, Alisher Navoiy koëchasi, 110-uy;Milliy bank;Angren B’M;ANGREN SHAHRI;1;Angren shahar Oxangaron ko'chasi 1 uy 
;’alq banki;11487;2;9 390;4 758 268;;;6 773;3 710 858;16%;;5 410;2 303 263;3 980;2 455 004;4 402;2 395 934;2 371;1 314 924;-1 008;92 671;-1 609;-1 140 081;235 831;O'rtacha;Parkent tumani, Parkent shahri, A.Navoiy k., 12;Milliy bank;Oydin B’O;OLMALIQ SHAHRI;1;Olmaliq sh Extirom M’F
PSKENT TUMANI;;;4;26 350;10 737 676;1,12%; Samaradorligi past;27 862;14 059 079;1%; Samaradorligi past;11 815;4 631 801;14 535;6 105 875;13 551;6 707 128;14 311;7 351 951;1 736;2 075 326;-224;1 246 076;978 063; Samaradorligi past;;Milliy bank;Oydin B’O;OLMALIQ SHAHRI;1;Olmaliq sh Extirom M’F
;Agro bank;472;1;11 182;3 615 050;;;10 513;4 669 043;33%;;6 288;2 046 439;4 894;1 568 611;6 350;2 669 455;4 163;1 999 588;62;623 016;-731;430 978;438 113;Samarador; Pskent tumani, Pskent shahri, Mustakillik k., 1;SQB;Chirchiq B’M;BO'STONLIQ TUMANI;1;Bo'stonliq tuman G'azalkent MFY Amirsoy ko'chasi 56-uy
;MKB;11787;1;8 008;3 970 023;;;8 156;5 105 910;36%;;2 363;1 436 893;5 645;2 533 130;3 222;2 543 387;4 934;2 562 523;859;1 106 494;-711;29 393;287 700;Barqaror;Pskent tumani, Mitan MFY, Mustakillik k., 2;SQB;Chirchiq B’M;CHIRCHIQ SHAHRI;1;Chirchiq sh. ’alq birligi ko'cha kesishuvi
;SQB;10793;1;4 231;1 878 981;;;5 441;2 905 192;21%;;1 874;772 656;2 357;1 106 325;2 176;972 654;3 265;1 932 538;302;199 998;908;826 214;174 941;O'rtacha;Pskent tumani, Pskent shahri, Mitan MFY, Amir Temur k., 98;SQB;Chirchiq B’M;BO'STONLIQ TUMANI;1;Bo'stonliq tuman G'azalkent MFY Amirsoy ko'chasi 56-uy
;’alq banki;11387;1;2 929;1 273 623;;;3 752;1 378 933;10%;;1 290;375 814;1 639;897 809;1 803;521 632;1 949;857 301;513;145 818;310;-40 508;77 308;Samaradorligi past;Pskent tumani, Pskent shahri, Amir Temur k., 173;SQB;Chirchiq B’M;CHIRCHIQ SHAHRI;1;Chirchiq sh. A.Navoiy kucha 187 uy
TOSHKENT TUMANI;;;15;61 967;29 642 520;3,08%;O'rtacha;57 502;30 400 346;3%;O'rtacha;38 797;20 019 921;23 170;9 622 599;34 205;19 063 469;23 297;11 336 877;-4 592;-956 452;127;1 714 279;841 158;O'rtacha;;SQB;Chirchiq B’M;CHIRCHIQ SHAHRI;1;Chirchiq sh. ’alq birligi ko'cha kesishuvi
;MKB;11943;1;5 755;2 212 942;;;12 228;6 104 693;20%;;3 907;1 355 644;1 848;857 298;7 671;3 181 907;4 557;2 922 786;3 764;1 826 263;2 709;2 065 488;407 800;Barqaror;Toshkent tumani, Alisher Navoiy MFY, Ravnak k.;SQB;Chirchiq B’M;CHIRCHIQ SHAHRI;1;Chirchiq shaxri, Kimyogarlar ko'chasi, 1-uy
;Aloqabank;10502;1;5 005;4 440 598;;;5 109;3 750 788;12%;;1 890;2 540 637;3 115;1 899 961;1 903;2 176 448;3 206;1 574 340;13;-364 190;91;-325 620;209 861;O'rtacha;Toshkent tumani, Keles yuli kuchasi, ’uvaydo MFY, 1-uy, 3-xonadon;SQB;Chirchiq B’M (qibray B’M);QIBRAY TUMANI;1;Qibray tumani, Salax shaharchasi, Universitet ko'chasi, 1/1
;Davrbank ;;1;24 795;7 980 290;;;19 790;8 309 199;27%;;15 141;4 439 102;9 654;3 541 189;11 381;4 181 171;8 409;4 128 028;-3 760;-257 931;-1 245;586 839;;Samarador;Toshkent tumani, Keles shahri, ’uvaydo MFY, Keles yo'li ko'chasi 1-1 uy;SQB;Chirchiq B’M (qibray B’M);QIBRAY TUMANI;1;Toshkent v. Qibray tumani Zebuniso 7  
;Trast bank ;;3;8 699;4 111 381;;;8 560;4 503 362;15%;;6 349;3 273 845;2 350;837 536;6 198;3 494 108;2 362;1 009 254;-151;220 263;12;171 718;;O'rtacha;Toshkent tumani, Iqbol dahasi, Yoshlik ko'chasi 1-uy;SQB;Chirchiq B’M (qibray B’M);CHIRCHIQ SHAHRI;1;Chirchiq shaxri Alisher Navoiy shox ko'chasi 16a uy
;Ipoteka bank ;;1;1 350;2 925 802;;;983;2 190 213;7%;;1 252;2 853 657;98;72 145;827;2 114 503;156;75 710;-425;-739 154;58;3 565;;O'rtacha;Toshkent tumani, Yunusobod QFY, Toshkent avtomobil xalqa yoíli koíchasi, 20-uy;SQB;Angren B’M;ANGREN SHAHRI;1;Angren shahar, 5/1 A daxa, 3 uy
;Hayot bank ;;1;262;1 194 081;;;534;1 707 458;6%;;251;1 161 981;11;32 100;433;1 502 329;101;205 129;182;340 349;90;173 029;;Samaradorligi past;Toshkent tumani, Choshtepa Sabzavot MFY, T’AY yoqasi kochasi, 61-uy;SQB;Olmalik B’M;PSKENT TUMANI;1;Piskent t. Amur Temur kuchasi 98-uy 24/7
;OFB;;2;223;715 795;;;619;260 244;1%;;223;715 795;0;0;523;250 024;96;10 220;300;-465 771;96;10 220;;Samaradorligi past;Toshkent tumani, kvartal koëchasi 270-271a-uy;SQB;Olmalik B’M;PSKENT TUMANI;1;Piskent t. Amur Temur kuchasi 101A-uy 24/7
;Infin bank ;;1;9 795;3 365 178;;;0;0;0%;;5 904;1 989 076;3 891;1 376 102;;;;;-5 904;-1 989 076;-3 891;-1 376 102;;;Toshkent tumani, ’uvaydo MFY, Keles yo'li ko'chasi 1 uy 15 xonadon;SQB;Bekobod B’M;BEKOBOD SHAHRI;1;Bekobod shahar dexqon bozor xududi ATM 4
;’alq banki;11782;4;6 083;2 696 452;;;9 679;3 574 390;12%;;3 880;1 690 184;2 203;1 006 268;5 269;2 162 979;4 410;1 411 411;1 389;472 795;2 207;405 143;223 497;O'rtacha;Toshkent tumani, Keles shahri, Keles yuli k., 8;Turonbank;Zangiota bank xizmatlari markazi;ZANGIOTA TUMANI;1; Zangiota tumani M 39,  45-uy
O'RTACHIRCHIQ TUMANI;;;1;14 116;7 719 806;0,80%; Samaradorligi past;15 628;9 241 433;1%; Samaradorligi past;8 738;4 663 179;5 378;3 056 627;9 482;5 120 284;6 146;4 121 149;744;457 106;768;1 064 522;481 011; Samaradorligi past;;Turonbank;Zangiota bank xizmatlari markazi;ZANGIOTA TUMANI;1; Zangiota tumani Eshonguzar,  45-uy
;Aloqabank;10510;1;14 116;7 719 806;;;15 628;9 241 433;100%;;8 738;4 663 179;5 378;3 056 627;9 482;5 120 284;6 146;4 121 149;744;457 106;768;1 064 522;481 011;Samarador;O'rtachirchiq tumani, Bektemir shox kuchasi, 217-uy;Universalbank;Zangiota B’M;ZANGIOTA TUMANI;1;Zangiota tumani Mustaqillik ko'chasi 24
CHINOZ TUMANI;;;10;41 550;23 350 063;2,43%; Samaradorligi past;40 521;27 349 355;2%; Samaradorligi past;23 633;12 446 641;17 917;10 903 422;23 399;14 893 757;17 122;12 455 598;-234;2 447 116;-795;1 552 176;1 350 484; Samaradorligi past;;’alq banki;Nurafshon sh ;NURAFSHON SHAHRI;1;O'rtachirchiq Xalq bank Toytepa filial UZCARD bankomat
;Agro bank;476;1;6 121;4 752 574;;;5 646;6 123 457;22%;;3 320;3 133 657;2 801;1 618 917;2 933;3 797 556;2 713;2 325 901;-387;663 900;-88;706 984;130 431;Barqaror;Chinoz tumani, Chinoz shahri, Sh.Rashidov k., 20;’alq banki;Nurafshon sh ;NURAFSHON SHAHRI;1;UZCARD  bankomat mamuriy bino
;Ipoteka bank;1039;1;5 373;3 375 631;;;4 886;2 764 248;10%;;2 265;1 625 432;3 108;1 750 199;1 991;1 052 415;2 895;1 711 833;-274;-573 017;-213;-38 366;289 044;O'rtacha;Chinoz tumani, Chinoz shahri, Sh.Rashidov k., 20;’alq banki;Nurafshon sh ;NURAFSHON SHAHRI;1;UZCARD  bankomat mamuriy bino
;Turonbank;10714;1;6 123;1 993 785;;;5 176;2 029 554;7%;;3 032;1 052 164;3 091;941 621;2 885;1 257 499;2 291;772 055;-147;205 335;-800;-169 566;88 800;Barqaror; Chinoz tumani, Chinoz shahri, Kozi MFY, Sharof Rashidov k., 1;’alq banki;Nurafshon sh ;NURAFSHON SHAHRI;1;’alq banki ma'muriy binosi yonida 24/7 
;’alq banki;10121;5;2 025;1 213 803;;;4 096;1 924 958;7%;;1 121;754 460;904;459 343;2 747;1 469 577;1 349;455 381;1 626;715 117;445;-3 962;79 554;Samaradorligi past;Chinoz tumani, Olmazor kurgoni, Nafis MFY, Samarkand k.,3;’alq banki;Nurafshon sh ;NURAFSHON SHAHRI;1;Madaniyat mfy o'zbekiston kuchasi B’M yonida
;’alq banki;11800;;;;;;;;0%;;;;;;;;;;;;;;;; Chinoz tumani, Kozi MFY, Samarkand k., 30;’alq banki;Nurafshon sh ;NURAFSHON SHAHRI;1;’alq banki ma'muriy binosi yonida 24/7 rejimida ishlovchi elektron ofis
;Milliy bank;;1;5 671;1 367 671;;;4 738;1 515 984;6%;;5 671;1 367 671;;0;4 738;1 515 984;0;0;-933;148 313;0;0;;O'rtacha;Chinoz tumani, Yallama bojxonasi;’alq banki;Nurafshon sh ;NURAFSHON SHAHRI;1;"""USELL"" ofisi yonida   uzkart     roxat"
;Hamkorbank;11443;1;16 237;10 646 599;;;15 979;12 991 154;48%;;8 224;4 513 258;8 013;6 133 341;8 105;5 800 726;7 874;7 190 428;-119;1 287 468;-139;1 057 087;762 655;Samarador;Chinoz tumani, Sh.Rashidov k., 12a;’alq banki;Nurafshon sh ;NURAFSHON SHAHRI;1;Kuchluk mfy Dorixona oldi
CHIRCHIQ SHAHRI;;;20;124 505;108 608 421;11,29%;Samarador;141 531;129 412 906;11%;Samarador;63 576;60 755 133;60 929;47 853 289;72 855;69 360 897;68 676;60 052 010;9 279;8 605 764;7 747;12 198 721;6 996 043;Samarador;;’alq banki;Nurafshon sh ;PSKENT TUMANI;1;Piskent.t Murotali MFY Sayram kucha 51 uy UZCARD
;Ipoteka bank;478;1;20 181;21 905 540;;;19 142;22 145 964;17%;;8 543;11 291 102;11 638;10 614 439;8 818;10 555 888;10 324;11 590 077;275;-735 214;-1 314;975 638;1 717 235;Barqaror;Chirchiq shahri, Mejkanalnaya k., 1;’alq banki;Bekobod sh ;BEKOBOD SHAHRI;1;Bankomat HUMO-3 24/7 (Farxod chegara)
;Anor bank;10422;1;2 350;2 543 797;;;9 578;15 533 876;12%;;1 323;1 269 297;1 027;1 274 501;5 456;7 055 108;4 122;8 478 768;4 133;5 785 811;3 095;7 204 267;;O'rtacha;Chirchiq shahri, Shodlik MFY, Amir Temur k., 108;’alq banki;Bekobod sh ;BEKOBOD SHAHRI;1;Bekobod shahar ’alq banki oldida
;Kapitalbank;10837;1;4 553;5 564 037;;;5 791;3 142 679;2%;;3 011;3 052 389;1 542;2 511 648;3 563;1 884 471;2 228;1 258 208;552;-1 167 918;686;-1 253 440;;Samaradorligi past; Chirchiq shahri, Nur MFY, A.Navoiy shox k., 311,315 orasida;’alq banki;Bekobod sh ;BEKOBOD SHAHRI;1;Bekobod shahar Zafar ’okimyat Uzkard  24/7
;MKB;10443;1;5 802;3 125 649;;;6 424;4 877 998;4%;;2 582;1 731 078;3 220;1 394 571;2 169;2 996 187;4 255;1 881 811;-413;1 265 109;1 035;487 240;232 200;Samaradorligi past;Chirchiq shahri, 18-Nur MFY, A.Navoiy shox k.;’alq banki;Oxangaron ;O’ANGARON SHAHRI;1;Extirom ko'chasi Buyum bozori yonida 
;Milliy bank;11141;1;9 322;12 896 051;;;10 733;11 604 568;9%;;4 550;6 248 061;4 772;6 647 989;5 409;6 514 738;5 324;5 089 829;859;266 677;552;-1 558 160;767 149;O'rtacha;Chirchiq shahri, A.Navoiy k., 101;’alq banki;Oxangaron ;O’ANGARON SHAHRI;1;A.Temur ko'chasi 30 uy bank binosi yonida 
;Turonbank;10716;1;3 987;2 559 312;;;69;16 281;0%;;1 672;1 236 532;2 315;1 322 780;43;10 901;26;5 380;-1 629;-1 225 631;-2 289;-1 317 400;0;Samaradorligi past;Chirchiq shahri, Alisher Navoiy maydonida joylashgan;’alq banki;Oxangaron ;O’ANGARON SHAHRI;1;Oxangaron shahar Oxunboboev 9
;SQB;11201;5;26 694;26 102 071;;;28 834;28 985 648;22%;;13 291;16 199 596;13 403;9 902 475;14 152;17 295 014;14 682;11 690 635;861;1 095 418;1 279;1 788 160;1 918 574;Samarador;Chirchiq shahri, ’akikat k., 1a;’alq banki;Oxangaron ;O’ANGARON SHAHRI;1;Navoiy Ko'chasi 7 uy Bank binosi oldida 24/7 
;Aloqabank;12029;1;0;0;;;1 526;1 202 315;1%;;;;;;854;733 143;672;469 172;854;733 143;672;469 172;66 050;Samaradorligi past;Chirchiq shahri, A.Navoiy k., 408;’alq banki;Oxangaron ;O’ANGARON SHAHRI;1;Karvon MFY Okean do'koni ichida 
;Garant bank ;;2;6 871;4 043 867;;;8 924;4 980 787;4%;;3 442;2 320 755;3 429;1 723 112;4 778;2 901 659;4 146;2 079 128;1 336;580 904;717;356 016;823 076;O'rtacha;Chirchiq shahri, A.Navoiy shoh ko'chasi, Hiyobonda joylashgan, 3-qurilma binosida;’alq banki;Yuqori Chirchiq ;BO'STONLIQ TUMANI;1;Bo'stonliq filiali hududida joylashgan UZKARD bankomat
;’alq banki ;;2;7 583;3 193 060;;;6 634;3 124 768;2%;;4 184;2 001 004;3 399;1 192 057;2 638;1 600 310;3 996;1 524 457;-1 546;-400 694;597;332 401;232 928;Samaradorligi past;Chirchiq shahri, Furqat ko'chasi 5 uy ;’alq banki;Yuqori Chirchiq ;YUQORICHIRCHIQ TUMANI;1;Bank binosi Furqat 5-uy
;Infin bank ;;1;7 192;5 454 016;;;9 244;6 132 267;5%;;4 345;3 682 743;2 847;1 771 273;5 938;4 541 655;3 306;1 590 612;1 593;858 912;459;-180 661;;O'rtacha;Chirchiq shahri, A.Navoiy ko'chasi, 181A-uy;’alq banki;Yuqori Chirchiq ;YUQORICHIRCHIQ TUMANI;1;24/7 binosi Furqat 5-uy
;Hayot bank ;;1;178;231 095;;;2 456;3 062 861;2%;;125;138 571;53;92 524;1 309;1 040 930;1 147;2 021 931;1 184;902 359;1 094;1 929 407;;Samaradorligi past; Chirchiq shahri, Mirzog'olib MFY, A.Navoiy shoh koëchasi, 295-uy;’alq banki;Yuqori Chirchiq ;QIBRAY TUMANI;1;Qibray tuman Zebuniso kuchasi 5 uy  Uzkart vash( 24/7 )
;Universal bank ;;1;2 633;1 430 257;;;6 337;3 748 768;3%;;1 459;910 994;1 174;519 263;3 265;2 319 211;3 072;1 429 557;1 806;1 408 217;1 898;910 294;0;Samaradorligi past;Chirchiq shahri, Nur MFY, Ma'naviyat ko'chasi, 3A-uy;’alq banki;Yuqori Chirchiq ;QIBRAY TUMANI;1;Qibray tuman Uchxoz MFY ALKO market
;Hamkorbank;11447;1;27 159;19 559 668;;;25 839;20 854 125;16%;;15 049;10 673 011;12 110;8 886 657;14 463;9 911 682;11 376;10 942 443;-586;-761 329;-734;2 055 786;1 238 831;Samarador;Chirchiq shahri, A.Navoiy shox k., 4;’alq banki;Yuqori Chirchiq ;YUQORICHIRCHIQ TUMANI;1;Bank binosida
YUQORICHIRCHIQ TUMANI;;;4;41 390;21 978 216;2,29%; Samaradorligi past;59 330;32 552 214;3%;O'rtacha;22 218;12 148 831;19 172;9 829 385;32 614;21 174 486;26 716;11 377 728;10 396;9 025 655;7 544;1 548 343;1 334 932;O'rtacha;;’alq banki;Yangiyul ;ZANGIOTA TUMANI;1;Zangiota Abu-Saxi Uzcard B’M
;Agro bank;480;1;21 557;11 640 305;;;21 891;20 836 374;64%;;12 641;7 461 959;8 916;4 178 346;12 377;14 922 428;9 514;5 913 946;-264;7 460 468;598;1 735 600;647 911;Barqaror;  Yuqorichirchiq tumani, Yangibozor kurg., Mustakillik k., 106;’alq banki;Yangiyul ;CHINOZ TUMANI;1;Chinoz tumani Olmazor Nafis mfy (B’M)24/7
;MKB;10447;1;5 698;3 485 998;;;7 782;4 467 754;14%;;2 299;1 936 889;3 399;1 549 108;4 720;2 637 443;3 062;1 830 311;2 421;700 554;-337;281 203;255 000;O'rtacha; Yuqorichirchiq tumani, Ma'rifat MFY, Mustakillik k., 8;’alq banki;Yangiyul ;YANGIYO'L SHAHRI;1;Yangiyo'l shahar Samarqand ko'cha 229 uy UZCARD 24/7   dollar USA bankomad
;’alq banki;11488;2;14 135;6 851 913;;;29 657;7 248 086;22%;;7 278;2 749 983;6 857;4 101 931;15 517;3 614 615;14 140;3 633 470;8 239;864 633;7 283;-468 460;432 021;Samarador; Yuqorichirchiq tumani, Yangibozor kurgoni, Mustakillik k.,77;’alq banki;Yangiyul ;CHINOZ TUMANI;1;Chinoz tumani Kozi mfy samarkand 30 (bank binosi)24/7
YANGIYO'L TUMANI;;;9;72 327;29 199 060;3,04%;O'rtacha;73 621;32 976 959;3%;O'rtacha;38 797;14 804 747;33 530;14 394 313;38 394;16 918 599;35 227;16 058 360;-403;2 113 852;1 697;1 664 047;3 879 783;O'rtacha;;’alq banki;Yangiyul ;QUYICHIRCHIQ TUMANI;1;Dustobod Bank binosi Uzcar
;Agro bank;485;1;28 380;9 422 039;;;28 271;9 778 874;30%;;15 550;5 447 578;12 830;3 974 460;15 747;5 711 766;12 524;4 067 107;197;264 188;-306;92 647;2 287 139;Barqaror;Yangiyo'l tumani, Yangiyo'l shahri, Samarkand k., 154;’alq banki;Yangiyul ;OQQO'RG'ON TUMANI;1;Oqqurg'on Bank binosi tashqari Uzcard
;BRB;;1;9 224;2 405 717;;;6 935;1 959 074;6%;;5 621;1 408 484;3 603;997 233;4 076;1 089 110;2 859;869 964;-1 545;-319 374;-744;-127 269;;Barqaror;Yangiyoël tumani, Gulbahor qoërgëoni, Sh.Rashidov koëchasi, 1-uy;’alq banki;Yangiyul ;TOSHKENT TUMANI;1;Keles Insaf Uzcard (Ko'ksaroy)
;Ipak yo'li bank;1081;4;29 331;14 609 461;;;33 899;18 266 216;55%;;14 683;6 518 874;14 648;8 090 587;17 185;9 457 535;16 714;8 808 680;2 502;2 938 661;2 066;718 093;1 411 515;Samarador; Yangiyo'l tumani, Yangiyo'l shahri, Samarkand k., 146;’alq banki;Yangiyul ;TOSHKENT TUMANI;1;Keles Tokzor MFY Uzcard
;’alq banki;11349;3;5 392;2 761 844;;;4 516;2 972 796;9%;;2 943;1 429 810;2 449;1 332 033;1 386;660 187;3 130;2 312 609;-1 557;-769 624;681;980 576;181 129;Samaradorligi past;Yangiyo'l tumani, Samarkand k., 229;Ipoteka bank;Olmalik filiali;OLMALIQ SHAHRI;1;" Delish  24/7 ""UZCARD"""
YANGIYO'L SHAHRI;;;13;88 494;57 613 158;5,99%;Barqaror;83 033;59 982 603;5%;O'rtacha;49 422;30 789 369;39 072;26 823 789;48 519;32 193 304;34 514;27 789 299;-903;1 403 935;-4 558;965 510;3 207 408;O'rtacha;;Ipoteka bank;Olmalik filiali;OLMALIQ SHAHRI;1;"Oydin Dexqon bozori hududida ""UZCARD"""
;BRB;10820;4;11 967;9 295 456;;;12 931;9 628 148;16%;;6 553;4 653 866;5 414;4 641 589;7 734;5 111 596;5 197;4 516 552;1 181;457 730;-217;-125 038;49 257;O'rtacha;Yangiyo'l shahri, Navruz MFY, Yoshlik k., 106;Ipoteka bank;Olmalik filiali;OLMALIQ SHAHRI;1;"Ipoteka bank Olmaliq filiali binosi ""UZCARD"""
;Milliy bank;11255;4;31 091;24 317 249;;;33 896;27 425 819;46%;;18 151;13 867 405;12 940;10 449 844;21 060;16 081 479;12 836;11 344 340;2 909;2 214 074;-104;894 496;1 888 016;Samarador; Yangiyo'l shahri, Mevazor MFY, Samarkand k., 178;Ipoteka bank;Olmalik filiali;OLMALIQ SHAHRI;1;"Oydin Dexkon bozori hududida 24/7  ""UZCARD"""
;Turonbank;10717;1;3 831;1 675 690;;;0;0;0%;;2 304;1 073 618;1 527;602 072;;;;;-2 304;-1 073 618;-1 527;-602 072;0;;Yangiyo'l shahri, Navruz MFY, Samarkand k.;Ipoteka bank;Olmalik filiali;OLMALIQ SHAHRI;1;"Olmalik sh. Markaziy shifoxonasi xududida 24/7 ""UZCARD"""
;Davrbank ;;1;14 354;7 714 451;;;8 855;4 287 048;7%;;5 992;3 123 278;8 362;4 591 173;3 475;1 910 161;5 380;2 376 887;-2 517;-1 213 117;-2 982;-2 214 286;;Samaradorligi past;Yangiyo'l shahri, Navro'z MFY, Samarqand  ko'chasi ;Ipoteka bank;Olmalik filiali;OLMALIQ SHAHRI;1;"Bank koshida 24/7 Olmalik sh Faxriylar 27 ""UZCARD"""
;Ipoteka bank ;;1;0;0;;;157;46 209;0%;;;;;;95;22 242;62;23 967;95;22 242;62;23 967;;O'rtacha;Yangiyoël tumani, Gulbahor qoërgëoni, Koëkalamzor MFY, Sh.Rashidov koëchasi, 3-uy;Ipoteka bank;Olmalik filiali;NURAFSHON SHAHRI;1;" Deportamenti xududida ""UZCARD"""
;Kapitalbank ;;1;490;157 869;;;0;0;0%;;289;124 711;201;33 158;;;;;-289;-124 711;-201;-33 158;;;"Yangiyo'l sh. Oraziy k. 
31-uy";Ipoteka bank;Olmalik filiali;NURAFSHON SHAHRI;1;"Nurafshon B’M ""UZCARD"""
;Hamkorbank;11444;1;26 761;14 452 443;;;27 194;18 595 379;31%;;16 133;7 946 491;10 628;6 505 952;16 155;9 067 826;11 039;9 527 553;22;1 121 335;411;3 021 601;1 270 135;Barqaror;Yangiyo'l shahri, Samarkand k., 215;Ipoteka bank;Angren filiali;ANGREN SHAHRI;1;Angren shahri Navoiy k-si 1 uy Bank oldida - 24/7 da Valyutniy
;;;;;;;;;;;;;;;;;;;;;;;;;;;Ipoteka bank;Angren filiali;ANGREN SHAHRI;1;Angren shahri 5/3 daha Ohangaron k-si   17  Shoxdiyor mexmonxona binosi Afsona B’M
;;;;;;;;;;;;;;;;;;;;;;;;;;;Ipoteka bank;Oxangaron filiali;O’ANGARON SHAHRI;1;Oxangaron shahar Namuna mfy Oxunboboev 1uy  24/7 Bank qoshida        
;;;;;;;;;;;;;;;;;;;;;;;;;;;Ipoteka bank;Oxangaron filiali;O’ANGARON TUMANI;1;Oxangaron tumani Nurobod qurg'oni 263A uy                         
;;;;;;;;;;;;;;;;;;;;;;;;;;;Ipoteka bank;Oxangaron filiali;ANGREN SHAHRI;1;"Angren shahar MChJ ’K ""BRZ""Gulbog MFY Promzona 96    "
;;;;;;;;;;;;;;;;;;;;;;;;;;;Ipoteka bank;Bekobod filiali;BEKOBOD SHAHRI;1;Bekobod shahar Salomatlik 1uy 7/24 
;;;;;;;;;;;;;;;;;;;;;;;;;;;Ipoteka bank;Bekobod filiali;BEKOBOD SHAHRI;1;Bekobod shahar GOFUR GULOM KOCHASI 71B uy
;;;;;;;;;;;;;;;;;;;;;;;;;;;Ipoteka bank;Bekobod filiali;BEKOBOD SHAHRI;1;Bekobod shahar Salomatlik 1uy 7/24 
;;;;;;;;;;;;;;;;;;;;;;;;;;;Ipoteka bank;Chinoz filiali;CHINOZ TUMANI;1; Chinoz tumani ’amza MFY Sh.Rashidov kucha 20 uy
;;;;;;;;;;;;;;;;;;;;;;;;;;;Ipoteka bank;Chinoz filiali;CHINOZ TUMANI;1; Chinoz tumani ’amza MFY Sh.Rashidov kucha 20 uy
;;;;;;;;;;;;;;;;;;;;;;;;;;;Ipoteka bank;Do'stobod filiali;QUYICHIRCHIQ TUMANI;1; Quyichirchiq tumani Do'stobod shahar Oqqo'rg'on ko'chasi 1-uy
;;;;;;;;;;;;;;;;;;;;;;;;;;;Ipoteka bank;Do'stobod filiali;QUYICHIRCHIQ TUMANI;1; Quyichirchiq tumani Madaniyat MFY Ko'xinur sanatoriyasi
;;;;;;;;;;;;;;;;;;;;;;;;;;;Ipoteka bank;Chirchiq filiali;CHIRCHIQ SHAHRI;1;Chirchiq shahar Mejkanalnaya 1 uy 24-7 bank binosi
;;;;;;;;;;;;;;;;;;;;;;;;;;;Ipoteka bank;Chirchiq filiali;CHIRCHIQ SHAHRI;1;Chirchiq shahar Mejkanalnaya 1 uy 24-7 bank binosi
;;;;;;;;;;;;;;;;;;;;;;;;;;;Ipoteka bank;Chirchiq filiali;CHIRCHIQ SHAHRI;1;Chirchiq shahar Oktyabr Dexkon bozori xududi 24-7
;;;;;;;;;;;;;;;;;;;;;;;;;;;Ipoteka bank;Chirchiq filiali;CHIRCHIQ SHAHRI;1;Chirchiq shahar V ’aydarov 2 uy Izumi Market
;;;;;;;;;;;;;;;;;;;;;;;;;;;Ipoteka bank;Zangiota filiali;ZANGIOTA TUMANI;1;Markaziy tergov xibsxonasi
;;;;;;;;;;;;;;;;;;;;;;;;;;;Ipoteka bank;Zangiota filiali;ZANGIOTA TUMANI;1;Bank koshida
;;;;;;;;;;;;;;;;;;;;;;;;;;;Ipoteka bank;Zangiota filiali;ZANGIOTA TUMANI;1;Bank koshida
;;;;;;;;;;;;;;;;;;;;;;;;;;;Ipoteka bank;Olmalik filiali;OLMALIQ SHAHRI;1;"Oydin B’M ""UZCARD"""
;;;;;;;;;;;;;;;;;;;;;;;;;;;Ipoteka bank;Olmalik filiali;OLMALIQ SHAHRI;1;Olmaliq shahar Yoshlik B’M
;;;;;;;;;;;;;;;;;;;;;;;;;;;Ipoteka bank;Olmalik filiali;OLMALIQ SHAHRI;1;"Yoshlik B’M ""UZCARD"""
;;;;;;;;;;;;;;;;;;;;;;;;;;;Ipoteka bank;Olmalik filiali;OLMALIQ SHAHRI;1;"Bank koshida 24/7 Olmalik sh Faxriylar 27 ""UZCARD"""
